{"games_played": {"Tit for Tat": 80, "Random": 37, "Always Defect": 101, "Always Cooperate": 88}, "total_score": {"Tit for Tat": 17525.94290465373, "Random": 7365.755648169623, "Always Defect": 26949.602685355094, "Always Cooperate": 14698.236686272961}}