{"games_played": {"Tit for Tat": 18, "Random": 18, "Always Defect": 30, "Always Cooperate": 26}, "total_score": {"Tit for Tat": 3439.01087619847, "Random": 3687.3310670687015, "Always Defect": 9631.535556405646, "Always Cooperate": 3172.819040042397}}