{"games_played": {"Tit for Tat": 4181, "Random": 3337, "Always Defect": 4202, "Always Cooperate": 2188}, "total_score": {"Tit for Tat": 928857.9531499894, "Random": 665984.5587219866, "Always Defect": 925867.1898365263, "Always Cooperate": 359177.6357130568}}